StartDate,EndDate,Status,IPAddress,Progress,Duration (in seconds),Finished,RecordedDate,ResponseId,RecipientLastName,RecipientFirstName,RecipientEmail,ExternalReference,LocationLatitude,LocationLongitude,DistributionChannel,UserLanguage,consent,1_NumColors,1_MultiColor,1_ColorPick_R1_Color_1,1_ColorPick_R1_Color_2,1_ColorPick_R1_Timing_First Click,1_ColorPick_R1_Timing_Last Click,1_ColorPick_R1_Timing_Page Submit,1_ColorPick_R1_Timing_Click Count,2_NumColors,2_MultiColor,2_ColorPick_R1_Color_1,2_ColorPick_R1_Color_2,2_ColorPick_R1_Timing_First Click,2_ColorPick_R1_Timing_Last Click,2_ColorPick_R1_Timing_Page Submit,2_ColorPick_R1_Timing_Click Count,3_NumColors,3_MultiColor,3_ColorPick_R1_Color_1,3_ColorPick_R1_Color_2,3_ColorPick_R1_Timing_First Click,3_ColorPick_R1_Timing_Last Click,3_ColorPick_R1_Timing_Page Submit,3_ColorPick_R1_Timing_Click Count,4_NumColors,4_MultiColor,4_ColorPick_R1_Color_1,4_ColorPick_R1_Color_2,4_ColorPick_R1_Timing_First Click,4_ColorPick_R1_Timing_Last Click,4_ColorPick_R1_Timing_Page Submit,4_ColorPick_R1_Timing_Click Count,5_NumColors,5_MultiColor,5_ColorPick_R1_Color_1,5_ColorPick_R1_Color_2,5_ColorPick_R1_Timing_First Click,5_ColorPick_R1_Timing_Last Click,5_ColorPick_R1_Timing_Page Submit,5_ColorPick_R1_Timing_Click Count,6_NumColors,6_MultiColor,6_ColorPick_R1_Color_1,6_ColorPick_R1_Color_2,6_ColorPick_R1_Timing_First Click,6_ColorPick_R1_Timing_Last Click,6_ColorPick_R1_Timing_Page Submit,6_ColorPick_R1_Timing_Click Count,7_NumColors,7_MultiColor,7_ColorPick_R1_Color_1,7_ColorPick_R1_Color_2,7_ColorPick_R1_Timing_First Click,7_ColorPick_R1_Timing_Last Click,7_ColorPick_R1_Timing_Page Submit,7_ColorPick_R1_Timing_Click Count,8_NumColors,8_MultiColor,8_ColorPick_R1_Color_1,8_ColorPick_R1_Color_2,8_ColorPick_R1_Timing_First Click,8_ColorPick_R1_Timing_Last Click,8_ColorPick_R1_Timing_Page Submit,8_ColorPick_R1_Timing_Click Count,9_NumColors,9_MultiColor,9_ColorPick_R1_Color_1,9_ColorPick_R1_Color_2,9_ColorPick_R1_Timing_First Click,9_ColorPick_R1_Timing_Last Click,9_ColorPick_R1_Timing_Page Submit,9_ColorPick_R1_Timing_Click Count,10_NumColors,10_MultiColor,10_ColorPick_R1_Color_1,10_ColorPick_R1_Color_2,10_ColorPick_R1_Timing_First Click,10_ColorPick_R1_Timing_Last Click,10_ColorPick_R1_Timing_Page Submit,10_ColorPick_R1_Timing_Click Count,11_NumColors,11_MultiColor,11_ColorPick_R1_Color_1,11_ColorPick_R1_Color_2,11_ColorPick_R1_Timing_First Click,11_ColorPick_R1_Timing_Last Click,11_ColorPick_R1_Timing_Page Submit,11_ColorPick_R1_Timing_Click Count,12_NumColors,12_MultiColor,12_ColorPick_R1_Color_1,12_ColorPick_R1_Color_2,12_ColorPick_R1_Timing_First Click,12_ColorPick_R1_Timing_Last Click,12_ColorPick_R1_Timing_Page Submit,12_ColorPick_R1_Timing_Click Count,13_NumColors,13_MultiColor,13_ColorPick_R1_Color_1,13_ColorPick_R1_Color_2,13_ColorPick_R1_Timing_First Click,13_ColorPick_R1_Timing_Last Click,13_ColorPick_R1_Timing_Page Submit,13_ColorPick_R1_Timing_Click Count,14_NumColors,14_MultiColor,14_ColorPick_R1_Color_1,14_ColorPick_R1_Color_2,14_ColorPick_R1_Timing_First Click,14_ColorPick_R1_Timing_Last Click,14_ColorPick_R1_Timing_Page Submit,14_ColorPick_R1_Timing_Click Count,15_NumColors,15_MultiColor,15_ColorPick_R1_Color_1,15_ColorPick_R1_Color_2,15_ColorPick_R1_Timing_First Click,15_ColorPick_R1_Timing_Last Click,15_ColorPick_R1_Timing_Page Submit,15_ColorPick_R1_Timing_Click Count,16_NumColors,16_MultiColor,16_ColorPick_R1_Color_1,16_ColorPick_R1_Color_2,16_ColorPick_R1_Timing_First Click,16_ColorPick_R1_Timing_Last Click,16_ColorPick_R1_Timing_Page Submit,16_ColorPick_R1_Timing_Click Count,17_NumColors,17_MultiColor,17_ColorPick_R1_Color_1,17_ColorPick_R1_Color_2,17_ColorPick_R1_Timing_First Click,17_ColorPick_R1_Timing_Last Click,17_ColorPick_R1_Timing_Page Submit,17_ColorPick_R1_Timing_Click Count,18_NumColors,18_MultiColor,18_ColorPick_R1_Color_1,18_ColorPick_R1_Color_2,18_ColorPick_R1_Timing_First Click,18_ColorPick_R1_Timing_Last Click,18_ColorPick_R1_Timing_Page Submit,18_ColorPick_R1_Timing_Click Count,19_NumColors,19_MultiColor,19_ColorPick_R1_Color_1,19_ColorPick_R1_Color_2,19_ColorPick_R1_Timing_First Click,19_ColorPick_R1_Timing_Last Click,19_ColorPick_R1_Timing_Page Submit,19_ColorPick_R1_Timing_Click Count,20_NumColors,20_MultiColor,20_ColorPick_R1_Color_1,20_ColorPick_R1_Color_2,20_ColorPick_R1_Timing_First Click,20_ColorPick_R1_Timing_Last Click,20_ColorPick_R1_Timing_Page Submit,20_ColorPick_R1_Timing_Click Count,21_NumColors,21_MultiColor,21_ColorPick_R1_Color_1,21_ColorPick_R1_Color_2,21_ColorPick_R1_Timing_First Click,21_ColorPick_R1_Timing_Last Click,21_ColorPick_R1_Timing_Page Submit,21_ColorPick_R1_Timing_Click Count,22_NumColors,22_MultiColor,22_ColorPick_R1_Color_1,22_ColorPick_R1_Color_2,22_ColorPick_R1_Timing_First Click,22_ColorPick_R1_Timing_Last Click,22_ColorPick_R1_Timing_Page Submit,22_ColorPick_R1_Timing_Click Count,23_NumColors,23_MultiColor,23_ColorPick_R1_Color_1,23_ColorPick_R1_Color_2,23_ColorPick_R1_Timing_First Click,23_ColorPick_R1_Timing_Last Click,23_ColorPick_R1_Timing_Page Submit,23_ColorPick_R1_Timing_Click Count,24_NumColors,24_MultiColor,24_ColorPick_R1_Color_1,24_ColorPick_R1_Color_2,24_ColorPick_R1_Timing_First Click,24_ColorPick_R1_Timing_Last Click,24_ColorPick_R1_Timing_Page Submit,24_ColorPick_R1_Timing_Click Count,25_NumColors,25_MultiColor,25_ColorPick_R1_Color_1,25_ColorPick_R1_Color_2,25_ColorPick_R1_Timing_First Click,25_ColorPick_R1_Timing_Last Click,25_ColorPick_R1_Timing_Page Submit,25_ColorPick_R1_Timing_Click Count,26_NumColors,26_MultiColor,26_ColorPick_R1_Color_1,26_ColorPick_R1_Color_2,26_ColorPick_R1_Timing_First Click,26_ColorPick_R1_Timing_Last Click,26_ColorPick_R1_Timing_Page Submit,26_ColorPick_R1_Timing_Click Count,break1_timing_First Click,break1_timing_Last Click,break1_timing_Page Submit,break1_timing_Click Count,1_ColorPick_R2_Color_1,1_ColorPick_R2_Color_2,1_ColorPick_R2_Timing_First Click,1_ColorPick_R2_Timing_Last Click,1_ColorPick_R2_Timing_Page Submit,1_ColorPick_R2_Timing_Click Count,2_ColorPick_R2_Color_1,2_ColorPick_R2_Color_2,2_ColorPick_R2_Timing_First Click,2_ColorPick_R2_Timing_Last Click,2_ColorPick_R2_Timing_Page Submit,2_ColorPick_R2_Timing_Click Count,3_ColorPick_R2_Color_1,3_ColorPick_R2_Color_2,3_ColorPick_R2_Timing_First Click,3_ColorPick_R2_Timing_Last Click,3_ColorPick_R2_Timing_Page Submit,3_ColorPick_R2_Timing_Click Count,4_ColorPick_R2_Color_1,4_ColorPick_R2_Color_2,4_ColorPick_R2_Timing_First Click,4_ColorPick_R2_Timing_Last Click,4_ColorPick_R2_Timing_Page Submit,4_ColorPick_R2_Timing_Click Count,5_ColorPick_R2_Color_1,5_ColorPick_R2_Color_2,5_ColorPick_R2_Timing_First Click,5_ColorPick_R2_Timing_Last Click,5_ColorPick_R2_Timing_Page Submit,5_ColorPick_R2_Timing_Click Count,6_ColorPick_R2_Color_1,6_ColorPick_R2_Color_2,6_ColorPick_R2_Timing_First Click,6_ColorPick_R2_Timing_Last Click,6_ColorPick_R2_Timing_Page Submit,6_ColorPick_R2_Timing_Click Count,7_ColorPick_R2_Color_1,7_ColorPick_R2_Color_2,7_ColorPick_R2_Timing_First Click,7_ColorPick_R2_Timing_Last Click,7_ColorPick_R2_Timing_Page Submit,7_ColorPick_R2_Timing_Click Count,8_ColorPick_R2_Color_1,8_ColorPick_R2_Color_2,8_ColorPick_R2_Timing_First Click,8_ColorPick_R2_Timing_Last Click,8_ColorPick_R2_Timing_Page Submit,8_ColorPick_R2_Timing_Click Count,9_ColorPick_R2_Color_1,9_ColorPick_R2_Color_2,9_ColorPick_R2_Timing_First Click,9_ColorPick_R2_Timing_Last Click,9_ColorPick_R2_Timing_Page Submit,9_ColorPick_R2_Timing_Click Count,10_ColorPick_R2_Color_1,10_ColorPick_R2_Color_2,10_ColorPick_R2_Timing_First Click,10_ColorPick_R2_Timing_Last Click,10_ColorPick_R2_Timing_Page Submit,10_ColorPick_R2_Timing_Click Count,11_ColorPick_R2_Color_1,11_ColorPick_R2_Color_2,11_ColorPick_R2_Timing_First Click,11_ColorPick_R2_Timing_Last Click,11_ColorPick_R2_Timing_Page Submit,11_ColorPick_R2_Timing_Click Count,12_ColorPick_R2_Color_1,12_ColorPick_R2_Color_2,12_ColorPick_R2_Timing_First Click,12_ColorPick_R2_Timing_Last Click,12_ColorPick_R2_Timing_Page Submit,12_ColorPick_R2_Timing_Click Count,13_ColorPick_R2_Color_1,13_ColorPick_R2_Color_2,13_ColorPick_R2_Timing_First Click,13_ColorPick_R2_Timing_Last Click,13_ColorPick_R2_Timing_Page Submit,13_ColorPick_R2_Timing_Click Count,14_ColorPick_R2_Color_1,14_ColorPick_R2_Color_2,14_ColorPick_R2_Timing_First Click,14_ColorPick_R2_Timing_Last Click,14_ColorPick_R2_Timing_Page Submit,14_ColorPick_R2_Timing_Click Count,15_ColorPick_R2_Color_1,15_ColorPick_R2_Color_2,15_ColorPick_R2_Timing_First Click,15_ColorPick_R2_Timing_Last Click,15_ColorPick_R2_Timing_Page Submit,15_ColorPick_R2_Timing_Click Count,16_ColorPick_R2_Color_1,16_ColorPick_R2_Color_2,16_ColorPick_R2_Timing_First Click,16_ColorPick_R2_Timing_Last Click,16_ColorPick_R2_Timing_Page Submit,16_ColorPick_R2_Timing_Click Count,17_ColorPick_R2_Color_1,17_ColorPick_R2_Color_2,17_ColorPick_R2_Timing_First Click,17_ColorPick_R2_Timing_Last Click,17_ColorPick_R2_Timing_Page Submit,17_ColorPick_R2_Timing_Click Count,18_ColorPick_R2_Color_1,18_ColorPick_R2_Color_2,18_ColorPick_R2_Timing_First Click,18_ColorPick_R2_Timing_Last Click,18_ColorPick_R2_Timing_Page Submit,18_ColorPick_R2_Timing_Click Count,19_ColorPick_R2_Color_1,19_ColorPick_R2_Color_2,19_ColorPick_R2_Timing_First Click,19_ColorPick_R2_Timing_Last Click,19_ColorPick_R2_Timing_Page Submit,19_ColorPick_R2_Timing_Click Count,20_ColorPick_R2_Color_1,20_ColorPick_R2_Color_2,20_ColorPick_R2_Timing_First Click,20_ColorPick_R2_Timing_Last Click,20_ColorPick_R2_Timing_Page Submit,20_ColorPick_R2_Timing_Click Count,21_ColorPick_R2_Color_1,21_ColorPick_R2_Color_2,21_ColorPick_R2_Timing_First Click,21_ColorPick_R2_Timing_Last Click,21_ColorPick_R2_Timing_Page Submit,21_ColorPick_R2_Timing_Click Count,22_ColorPick_R2_Color_1,22_ColorPick_R2_Color_2,22_ColorPick_R2_Timing_First Click,22_ColorPick_R2_Timing_Last Click,22_ColorPick_R2_Timing_Page Submit,22_ColorPick_R2_Timing_Click Count,23_ColorPick_R2_Color_1,23_ColorPick_R2_Color_2,23_ColorPick_R2_Timing_First Click,23_ColorPick_R2_Timing_Last Click,23_ColorPick_R2_Timing_Page Submit,23_ColorPick_R2_Timing_Click Count,24_ColorPick_R2_Color_1,24_ColorPick_R2_Color_2,24_ColorPick_R2_Timing_First Click,24_ColorPick_R2_Timing_Last Click,24_ColorPick_R2_Timing_Page Submit,24_ColorPick_R2_Timing_Click Count,25_ColorPick_R2_Color_1,25_ColorPick_R2_Color_2,25_ColorPick_R2_Timing_First Click,25_ColorPick_R2_Timing_Last Click,25_ColorPick_R2_Timing_Page Submit,25_ColorPick_R2_Timing_Click Count,26_ColorPick_R2_Color_1,26_ColorPick_R2_Color_2,26_ColorPick_R2_Timing_First Click,26_ColorPick_R2_Timing_Last Click,26_ColorPick_R2_Timing_Page Submit,26_ColorPick_R2_Timing_Click Count,break2_timing_First Click,break2_timing_Last Click,break2_timing_Page Submit,break2_timing_Click Count,1_ColorPick_R3_Color_1,1_ColorPick_R3_Color_2,1_ColorPick_R3_Timing_First Click,1_ColorPick_R3_Timing_Last Click,1_ColorPick_R3_Timing_Page Submit,1_ColorPick_R3_Timing_Click Count,2_ColorPick_R3_Color_1,2_ColorPick_R3_Color_2,2_ColorPick_R3_Timing_First Click,2_ColorPick_R3_Timing_Last Click,2_ColorPick_R3_Timing_Page Submit,2_ColorPick_R3_Timing_Click Count,3_ColorPick_R3_Color_1,3_ColorPick_R3_Color_2,3_ColorPick_R3_Timing_First Click,3_ColorPick_R3_Timing_Last Click,3_ColorPick_R3_Timing_Page Submit,3_ColorPick_R3_Timing_Click Count,4_ColorPick_R3_Color_1,4_ColorPick_R3_Color_2,4_ColorPick_R3_Timing_First Click,4_ColorPick_R3_Timing_Last Click,4_ColorPick_R3_Timing_Page Submit,4_ColorPick_R3_Timing_Click Count,5_ColorPick_R3_Color_1,5_ColorPick_R3_Color_2,5_ColorPick_R3_Timing_First Click,5_ColorPick_R3_Timing_Last Click,5_ColorPick_R3_Timing_Page Submit,5_ColorPick_R3_Timing_Click Count,6_ColorPick_R3_Color_1,6_ColorPick_R3_Color_2,6_ColorPick_R3_Timing_First Click,6_ColorPick_R3_Timing_Last Click,6_ColorPick_R3_Timing_Page Submit,6_ColorPick_R3_Timing_Click Count,7_ColorPick_R3_Color_1,7_ColorPick_R3_Color_2,7_ColorPick_R3_Timing_First Click,7_ColorPick_R3_Timing_Last Click,7_ColorPick_R3_Timing_Page Submit,7_ColorPick_R3_Timing_Click Count,8_ColorPick_R3_Color_1,8_ColorPick_R3_Color_2,8_ColorPick_R3_Timing_First Click,8_ColorPick_R3_Timing_Last Click,8_ColorPick_R3_Timing_Page Submit,8_ColorPick_R3_Timing_Click Count,9_ColorPick_R3_Color_1,9_ColorPick_R3_Color_2,9_ColorPick_R3_Timing_First Click,9_ColorPick_R3_Timing_Last Click,9_ColorPick_R3_Timing_Page Submit,9_ColorPick_R3_Timing_Click Count,10_ColorPick_R3_Color_1,10_ColorPick_R3_Color_2,10_ColorPick_R3_Timing_First Click,10_ColorPick_R3_Timing_Last Click,10_ColorPick_R3_Timing_Page Submit,10_ColorPick_R3_Timing_Click Count,11_ColorPick_R3_Color_1,11_ColorPick_R3_Color_2,11_ColorPick_R3_Timing_First Click,11_ColorPick_R3_Timing_Last Click,11_ColorPick_R3_Timing_Page Submit,11_ColorPick_R3_Timing_Click Count,12_ColorPick_R3_Color_1,12_ColorPick_R3_Color_2,12_ColorPick_R3_Timing_First Click,12_ColorPick_R3_Timing_Last Click,12_ColorPick_R3_Timing_Page Submit,12_ColorPick_R3_Timing_Click Count,13_ColorPick_R3_Color_1,13_ColorPick_R3_Color_2,13_ColorPick_R3_Timing_First Click,13_ColorPick_R3_Timing_Last Click,13_ColorPick_R3_Timing_Page Submit,13_ColorPick_R3_Timing_Click Count,14_ColorPick_R3_Color_1,14_ColorPick_R3_Color_2,14_ColorPick_R3_Timing_First Click,14_ColorPick_R3_Timing_Last Click,14_ColorPick_R3_Timing_Page Submit,14_ColorPick_R3_Timing_Click Count,15_ColorPick_R3_Color_1,15_ColorPick_R3_Color_2,15_ColorPick_R3_Timing_First Click,15_ColorPick_R3_Timing_Last Click,15_ColorPick_R3_Timing_Page Submit,15_ColorPick_R3_Timing_Click Count,16_ColorPick_R3_Color_1,16_ColorPick_R3_Color_2,16_ColorPick_R3_Timing_First Click,16_ColorPick_R3_Timing_Last Click,16_ColorPick_R3_Timing_Page Submit,16_ColorPick_R3_Timing_Click Count,17_ColorPick_R3_Color_1,17_ColorPick_R3_Color_2,17_ColorPick_R3_Timing_First Click,17_ColorPick_R3_Timing_Last Click,17_ColorPick_R3_Timing_Page Submit,17_ColorPick_R3_Timing_Click Count,18_ColorPick_R3_Color_1,18_ColorPick_R3_Color_2,18_ColorPick_R3_Timing_First Click,18_ColorPick_R3_Timing_Last Click,18_ColorPick_R3_Timing_Page Submit,18_ColorPick_R3_Timing_Click Count,19_ColorPick_R3_Color_1,19_ColorPick_R3_Color_2,19_ColorPick_R3_Timing_First Click,19_ColorPick_R3_Timing_Last Click,19_ColorPick_R3_Timing_Page Submit,19_ColorPick_R3_Timing_Click Count,20_ColorPick_R3_Color_1,20_ColorPick_R3_Color_2,20_ColorPick_R3_Timing_First Click,20_ColorPick_R3_Timing_Last Click,20_ColorPick_R3_Timing_Page Submit,20_ColorPick_R3_Timing_Click Count,21_ColorPick_R3_Color_1,21_ColorPick_R3_Color_2,21_ColorPick_R3_Timing_First Click,21_ColorPick_R3_Timing_Last Click,21_ColorPick_R3_Timing_Page Submit,21_ColorPick_R3_Timing_Click Count,22_ColorPick_R3_Color_1,22_ColorPick_R3_Color_2,22_ColorPick_R3_Timing_First Click,22_ColorPick_R3_Timing_Last Click,22_ColorPick_R3_Timing_Page Submit,22_ColorPick_R3_Timing_Click Count,23_ColorPick_R3_Color_1,23_ColorPick_R3_Color_2,23_ColorPick_R3_Timing_First Click,23_ColorPick_R3_Timing_Last Click,23_ColorPick_R3_Timing_Page Submit,23_ColorPick_R3_Timing_Click Count,24_ColorPick_R3_Color_1,24_ColorPick_R3_Color_2,24_ColorPick_R3_Timing_First Click,24_ColorPick_R3_Timing_Last Click,24_ColorPick_R3_Timing_Page Submit,24_ColorPick_R3_Timing_Click Count,25_ColorPick_R3_Color_1,25_ColorPick_R3_Color_2,25_ColorPick_R3_Timing_First Click,25_ColorPick_R3_Timing_Last Click,25_ColorPick_R3_Timing_Page Submit,25_ColorPick_R3_Timing_Click Count,26_ColorPick_R3_Color_1,26_ColorPick_R3_Color_2,26_ColorPick_R3_Timing_First Click,26_ColorPick_R3_Timing_Last Click,26_ColorPick_R3_Timing_Page Submit,26_ColorPick_R3_Timing_Click Count,chosenColorTemp,id
Start Date,End Date,Response Type,IP Address,Progress,Duration (in seconds),Finished,Recorded Date,Response ID,Recipient Last Name,Recipient First Name,Recipient Email,External Data Reference,Location Latitude,Location Longitude,Distribution Channel,User Language,YOUR CONSENT FORM HERE,A - Which of the following statements best describes your color experience(s) for the letter [Field-1]?,A - Please describe your multi-colored experience(s) for the letter [Field-1]:,"What is the best color for this letter?

    
            [Field-1] - A - ChosenColor","What is the best color for this letter?

    
            [Field-1] - A - InitialColor",Timing - A - Timing - First Click,Timing - A - Timing - Last Click,Timing - A - Timing - Page Submit,Timing - A - Timing - Click Count,B - Which of the following statements best describes your color experience(s) for the letter [Field-1]?,B - Please describe your multi-colored experience(s) for the letter [Field-1]:,"What is the best color for this letter?

    
            [Field-1] - B - ChosenColor","What is the best color for this letter?

    
            [Field-1] - B - InitialColor",Timing - B - Timing - First Click,Timing - B - Timing - Last Click,Timing - B - Timing - Page Submit,Timing - B - Timing - Click Count,C - Which of the following statements best describes your color experience(s) for the letter [Field-1]?,C - Please describe your multi-colored experience(s) for the letter [Field-1]:,"What is the best color for this letter?

    
            [Field-1] - C - ChosenColor","What is the best color for this letter?

    
            [Field-1] - C - InitialColor",Timing - C - Timing - First Click,Timing - C - Timing - Last Click,Timing - C - Timing - Page Submit,Timing - C - Timing - Click Count,D - Which of the following statements best describes your color experience(s) for the letter [Field-1]?,D - Please describe your multi-colored experience(s) for the letter [Field-1]:,"What is the best color for this letter?

    
            [Field-1] - D - ChosenColor","What is the best color for this letter?

    
            [Field-1] - D - InitialColor",Timing - D - Timing - First Click,Timing - D - Timing - Last Click,Timing - D - Timing - Page Submit,Timing - D - Timing - Click Count,E - Which of the following statements best describes your color experience(s) for the letter [Field-1]?,E - Please describe your multi-colored experience(s) for the letter [Field-1]:,"What is the best color for this letter?

    
            [Field-1] - E - ChosenColor","What is the best color for this letter?

    
            [Field-1] - E - InitialColor",Timing - E - Timing - First Click,Timing - E - Timing - Last Click,Timing - E - Timing - Page Submit,Timing - E - Timing - Click Count,F - Which of the following statements best describes your color experience(s) for the letter [Field-1]?,F - Please describe your multi-colored experience(s) for the letter [Field-1]:,"What is the best color for this letter?

    
            [Field-1] - F - ChosenColor","What is the best color for this letter?

    
            [Field-1] - F - InitialColor",Timing - F - Timing - First Click,Timing - F - Timing - Last Click,Timing - F - Timing - Page Submit,Timing - F - Timing - Click Count,G - Which of the following statements best describes your color experience(s) for the letter [Field-1]?,G - Please describe your multi-colored experience(s) for the letter [Field-1]:,"What is the best color for this letter?

    
            [Field-1] - G - ChosenColor","What is the best color for this letter?

    
            [Field-1] - G - InitialColor",Timing - G - Timing - First Click,Timing - G - Timing - Last Click,Timing - G - Timing - Page Submit,Timing - G - Timing - Click Count,H - Which of the following statements best describes your color experience(s) for the letter [Field-1]?,H - Please describe your multi-colored experience(s) for the letter [Field-1]:,"What is the best color for this letter?

    
            [Field-1] - H - ChosenColor","What is the best color for this letter?

    
            [Field-1] - H - InitialColor",Timing - H - Timing - First Click,Timing - H - Timing - Last Click,Timing - H - Timing - Page Submit,Timing - H - Timing - Click Count,I - Which of the following statements best describes your color experience(s) for the letter [Field-1]?,I - Please describe your multi-colored experience(s) for the letter [Field-1]:,"What is the best color for this letter?

    
            [Field-1] - I - ChosenColor","What is the best color for this letter?

    
            [Field-1] - I - InitialColor",Timing - I - Timing - First Click,Timing - I - Timing - Last Click,Timing - I - Timing - Page Submit,Timing - I - Timing - Click Count,J - Which of the following statements best describes your color experience(s) for the letter [Field-1]?,J - Please describe your multi-colored experience(s) for the letter [Field-1]:,"What is the best color for this letter?

    
            [Field-1] - J - ChosenColor","What is the best color for this letter?

    
            [Field-1] - J - InitialColor",Timing - J - Timing - First Click,Timing - J - Timing - Last Click,Timing - J - Timing - Page Submit,Timing - J - Timing - Click Count,K - Which of the following statements best describes your color experience(s) for the letter [Field-1]?,K - Please describe your multi-colored experience(s) for the letter [Field-1]:,"What is the best color for this letter?

    
            [Field-1] - K - ChosenColor","What is the best color for this letter?

    
            [Field-1] - K - InitialColor",Timing - K - Timing - First Click,Timing - K - Timing - Last Click,Timing - K - Timing - Page Submit,Timing - K - Timing - Click Count,L - Which of the following statements best describes your color experience(s) for the letter [Field-1]?,L - Please describe your multi-colored experience(s) for the letter [Field-1]:,"What is the best color for this letter?

    
            [Field-1] - L - ChosenColor","What is the best color for this letter?

    
            [Field-1] - L - InitialColor",Timing - L - Timing - First Click,Timing - L - Timing - Last Click,Timing - L - Timing - Page Submit,Timing - L - Timing - Click Count,M - Which of the following statements best describes your color experience(s) for the letter [Field-1]?,M - Please describe your multi-colored experience(s) for the letter [Field-1]:,"What is the best color for this letter?

    
            [Field-1] - M - ChosenColor","What is the best color for this letter?

    
            [Field-1] - M - InitialColor",Timing - M - Timing - First Click,Timing - M - Timing - Last Click,Timing - M - Timing - Page Submit,Timing - M - Timing - Click Count,N - Which of the following statements best describes your color experience(s) for the letter [Field-1]?,N - Please describe your multi-colored experience(s) for the letter [Field-1]:,"What is the best color for this letter?

    
            [Field-1] - N - ChosenColor","What is the best color for this letter?

    
            [Field-1] - N - InitialColor",Timing - N - Timing - First Click,Timing - N - Timing - Last Click,Timing - N - Timing - Page Submit,Timing - N - Timing - Click Count,O - Which of the following statements best describes your color experience(s) for the letter [Field-1]?,O - Please describe your multi-colored experience(s) for the letter [Field-1]:,"What is the best color for this letter?

    
            [Field-1] - O - ChosenColor","What is the best color for this letter?

    
            [Field-1] - O - InitialColor",Timing - O - Timing - First Click,Timing - O - Timing - Last Click,Timing - O - Timing - Page Submit,Timing - O - Timing - Click Count,P - Which of the following statements best describes your color experience(s) for the letter [Field-1]?,P - Please describe your multi-colored experience(s) for the letter [Field-1]:,"What is the best color for this letter?

    
            [Field-1] - P - ChosenColor","What is the best color for this letter?

    
            [Field-1] - P - InitialColor",Timing - P - Timing - First Click,Timing - P - Timing - Last Click,Timing - P - Timing - Page Submit,Timing - P - Timing - Click Count,Q - Which of the following statements best describes your color experience(s) for the letter [Field-1]?,Q - Please describe your multi-colored experience(s) for the letter [Field-1]:,"What is the best color for this letter?

    
            [Field-1] - Q - ChosenColor","What is the best color for this letter?

    
            [Field-1] - Q - InitialColor",Timing - Q - Timing - First Click,Timing - Q - Timing - Last Click,Timing - Q - Timing - Page Submit,Timing - Q - Timing - Click Count,R - Which of the following statements best describes your color experience(s) for the letter [Field-1]?,R - Please describe your multi-colored experience(s) for the letter [Field-1]:,"What is the best color for this letter?

    
            [Field-1] - R - ChosenColor","What is the best color for this letter?

    
            [Field-1] - R - InitialColor",Timing - R - Timing - First Click,Timing - R - Timing - Last Click,Timing - R - Timing - Page Submit,Timing - R - Timing - Click Count,S - Which of the following statements best describes your color experience(s) for the letter [Field-1]?,S - Please describe your multi-colored experience(s) for the letter [Field-1]:,"What is the best color for this letter?

    
            [Field-1] - S - ChosenColor","What is the best color for this letter?

    
            [Field-1] - S - InitialColor",Timing - S - Timing - First Click,Timing - S - Timing - Last Click,Timing - S - Timing - Page Submit,Timing - S - Timing - Click Count,T - Which of the following statements best describes your color experience(s) for the letter [Field-1]?,T - Please describe your multi-colored experience(s) for the letter [Field-1]:,"What is the best color for this letter?

    
            [Field-1] - T - ChosenColor","What is the best color for this letter?

    
            [Field-1] - T - InitialColor",Timing - T - Timing - First Click,Timing - T - Timing - Last Click,Timing - T - Timing - Page Submit,Timing - T - Timing - Click Count,U - Which of the following statements best describes your color experience(s) for the letter [Field-1]?,U - Please describe your multi-colored experience(s) for the letter [Field-1]:,"What is the best color for this letter?

    
            [Field-1] - U - ChosenColor","What is the best color for this letter?

    
            [Field-1] - U - InitialColor",Timing - U - Timing - First Click,Timing - U - Timing - Last Click,Timing - U - Timing - Page Submit,Timing - U - Timing - Click Count,V - Which of the following statements best describes your color experience(s) for the letter [Field-1]?,V - Please describe your multi-colored experience(s) for the letter [Field-1]:,"What is the best color for this letter?

    
            [Field-1] - V - ChosenColor","What is the best color for this letter?

    
            [Field-1] - V - InitialColor",Timing - V - Timing - First Click,Timing - V - Timing - Last Click,Timing - V - Timing - Page Submit,Timing - V - Timing - Click Count,W - Which of the following statements best describes your color experience(s) for the letter [Field-1]?,W - Please describe your multi-colored experience(s) for the letter [Field-1]:,"What is the best color for this letter?

    
            [Field-1] - W - ChosenColor","What is the best color for this letter?

    
            [Field-1] - W - InitialColor",Timing - W - Timing - First Click,Timing - W - Timing - Last Click,Timing - W - Timing - Page Submit,Timing - W - Timing - Click Count,X - Which of the following statements best describes your color experience(s) for the letter [Field-1]?,X - Please describe your multi-colored experience(s) for the letter [Field-1]:,"What is the best color for this letter?

    
            [Field-1] - X - ChosenColor","What is the best color for this letter?

    
            [Field-1] - X - InitialColor",Timing - X - Timing - First Click,Timing - X - Timing - Last Click,Timing - X - Timing - Page Submit,Timing - X - Timing - Click Count,Y - Which of the following statements best describes your color experience(s) for the letter [Field-1]?,Y - Please describe your multi-colored experience(s) for the letter [Field-1]:,"What is the best color for this letter?

    
            [Field-1] - Y - ChosenColor","What is the best color for this letter?

    
            [Field-1] - Y - InitialColor",Timing - Y - Timing - First Click,Timing - Y - Timing - Last Click,Timing - Y - Timing - Page Submit,Timing - Y - Timing - Click Count,Z - Which of the following statements best describes your color experience(s) for the letter [Field-1]?,Z - Please describe your multi-colored experience(s) for the letter [Field-1]:,"What is the best color for this letter?

    
            [Field-1] - Z - ChosenColor","What is the best color for this letter?

    
            [Field-1] - Z - InitialColor",Timing - Z - Timing - First Click,Timing - Z - Timing - Last Click,Timing - Z - Timing - Page Submit,Timing - Z - Timing - Click Count,Timing - First Click,Timing - Last Click,Timing - Page Submit,Timing - Click Count,"What is the best color for this letter?

    
            [Field-1] - A - ChosenColor","What is the best color for this letter?

    
            [Field-1] - A - InitialColor",Timing - A - Timing - First Click,Timing - A - Timing - Last Click,Timing - A - Timing - Page Submit,Timing - A - Timing - Click Count,"What is the best color for this letter?

    
            [Field-1] - B - ChosenColor","What is the best color for this letter?

    
            [Field-1] - B - InitialColor",Timing - B - Timing - First Click,Timing - B - Timing - Last Click,Timing - B - Timing - Page Submit,Timing - B - Timing - Click Count,"What is the best color for this letter?

    
            [Field-1] - C - ChosenColor","What is the best color for this letter?

    
            [Field-1] - C - InitialColor",Timing - C - Timing - First Click,Timing - C - Timing - Last Click,Timing - C - Timing - Page Submit,Timing - C - Timing - Click Count,"What is the best color for this letter?

    
            [Field-1] - D - ChosenColor","What is the best color for this letter?

    
            [Field-1] - D - InitialColor",Timing - D - Timing - First Click,Timing - D - Timing - Last Click,Timing - D - Timing - Page Submit,Timing - D - Timing - Click Count,"What is the best color for this letter?

    
            [Field-1] - E - ChosenColor","What is the best color for this letter?

    
            [Field-1] - E - InitialColor",Timing - E - Timing - First Click,Timing - E - Timing - Last Click,Timing - E - Timing - Page Submit,Timing - E - Timing - Click Count,"What is the best color for this letter?

    
            [Field-1] - F - ChosenColor","What is the best color for this letter?

    
            [Field-1] - F - InitialColor",Timing - F - Timing - First Click,Timing - F - Timing - Last Click,Timing - F - Timing - Page Submit,Timing - F - Timing - Click Count,"What is the best color for this letter?

    
            [Field-1] - G - ChosenColor","What is the best color for this letter?

    
            [Field-1] - G - InitialColor",Timing - G - Timing - First Click,Timing - G - Timing - Last Click,Timing - G - Timing - Page Submit,Timing - G - Timing - Click Count,"What is the best color for this letter?

    
            [Field-1] - H - ChosenColor","What is the best color for this letter?

    
            [Field-1] - H - InitialColor",Timing - H - Timing - First Click,Timing - H - Timing - Last Click,Timing - H - Timing - Page Submit,Timing - H - Timing - Click Count,"What is the best color for this letter?

    
            [Field-1] - I - ChosenColor","What is the best color for this letter?

    
            [Field-1] - I - InitialColor",Timing - I - Timing - First Click,Timing - I - Timing - Last Click,Timing - I - Timing - Page Submit,Timing - I - Timing - Click Count,"What is the best color for this letter?

    
            [Field-1] - J - ChosenColor","What is the best color for this letter?

    
            [Field-1] - J - InitialColor",Timing - J - Timing - First Click,Timing - J - Timing - Last Click,Timing - J - Timing - Page Submit,Timing - J - Timing - Click Count,"What is the best color for this letter?

    
            [Field-1] - K - ChosenColor","What is the best color for this letter?

    
            [Field-1] - K - InitialColor",Timing - K - Timing - First Click,Timing - K - Timing - Last Click,Timing - K - Timing - Page Submit,Timing - K - Timing - Click Count,"What is the best color for this letter?

    
            [Field-1] - L - ChosenColor","What is the best color for this letter?

    
            [Field-1] - L - InitialColor",Timing - L - Timing - First Click,Timing - L - Timing - Last Click,Timing - L - Timing - Page Submit,Timing - L - Timing - Click Count,"What is the best color for this letter?

    
            [Field-1] - M - ChosenColor","What is the best color for this letter?

    
            [Field-1] - M - InitialColor",Timing - M - Timing - First Click,Timing - M - Timing - Last Click,Timing - M - Timing - Page Submit,Timing - M - Timing - Click Count,"What is the best color for this letter?

    
            [Field-1] - N - ChosenColor","What is the best color for this letter?

    
            [Field-1] - N - InitialColor",Timing - N - Timing - First Click,Timing - N - Timing - Last Click,Timing - N - Timing - Page Submit,Timing - N - Timing - Click Count,"What is the best color for this letter?

    
            [Field-1] - O - ChosenColor","What is the best color for this letter?

    
            [Field-1] - O - InitialColor",Timing - O - Timing - First Click,Timing - O - Timing - Last Click,Timing - O - Timing - Page Submit,Timing - O - Timing - Click Count,"What is the best color for this letter?

    
            [Field-1] - P - ChosenColor","What is the best color for this letter?

    
            [Field-1] - P - InitialColor",Timing - P - Timing - First Click,Timing - P - Timing - Last Click,Timing - P - Timing - Page Submit,Timing - P - Timing - Click Count,"What is the best color for this letter?

    
            [Field-1] - Q - ChosenColor","What is the best color for this letter?

    
            [Field-1] - Q - InitialColor",Timing - Q - Timing - First Click,Timing - Q - Timing - Last Click,Timing - Q - Timing - Page Submit,Timing - Q - Timing - Click Count,"What is the best color for this letter?

    
            [Field-1] - R - ChosenColor","What is the best color for this letter?

    
            [Field-1] - R - InitialColor",Timing - R - Timing - First Click,Timing - R - Timing - Last Click,Timing - R - Timing - Page Submit,Timing - R - Timing - Click Count,"What is the best color for this letter?

    
            [Field-1] - S - ChosenColor","What is the best color for this letter?

    
            [Field-1] - S - InitialColor",Timing - S - Timing - First Click,Timing - S - Timing - Last Click,Timing - S - Timing - Page Submit,Timing - S - Timing - Click Count,"What is the best color for this letter?

    
            [Field-1] - T - ChosenColor","What is the best color for this letter?

    
            [Field-1] - T - InitialColor",Timing - T - Timing - First Click,Timing - T - Timing - Last Click,Timing - T - Timing - Page Submit,Timing - T - Timing - Click Count,"What is the best color for this letter?

    
            [Field-1] - U - ChosenColor","What is the best color for this letter?

    
            [Field-1] - U - InitialColor",Timing - U - Timing - First Click,Timing - U - Timing - Last Click,Timing - U - Timing - Page Submit,Timing - U - Timing - Click Count,"What is the best color for this letter?

    
            [Field-1] - V - ChosenColor","What is the best color for this letter?

    
            [Field-1] - V - InitialColor",Timing - V - Timing - First Click,Timing - V - Timing - Last Click,Timing - V - Timing - Page Submit,Timing - V - Timing - Click Count,"What is the best color for this letter?

    
            [Field-1] - W - ChosenColor","What is the best color for this letter?

    
            [Field-1] - W - InitialColor",Timing - W - Timing - First Click,Timing - W - Timing - Last Click,Timing - W - Timing - Page Submit,Timing - W - Timing - Click Count,"What is the best color for this letter?

    
            [Field-1] - X - ChosenColor","What is the best color for this letter?

    
            [Field-1] - X - InitialColor",Timing - X - Timing - First Click,Timing - X - Timing - Last Click,Timing - X - Timing - Page Submit,Timing - X - Timing - Click Count,"What is the best color for this letter?

    
            [Field-1] - Y - ChosenColor","What is the best color for this letter?

    
            [Field-1] - Y - InitialColor",Timing - Y - Timing - First Click,Timing - Y - Timing - Last Click,Timing - Y - Timing - Page Submit,Timing - Y - Timing - Click Count,"What is the best color for this letter?

    
            [Field-1] - Z - ChosenColor","What is the best color for this letter?

    
            [Field-1] - Z - InitialColor",Timing - Z - Timing - First Click,Timing - Z - Timing - Last Click,Timing - Z - Timing - Page Submit,Timing - Z - Timing - Click Count,Timing - First Click,Timing - Last Click,Timing - Page Submit,Timing - Click Count,"What is the best color for this letter?

    
            [Field-1] - A - ChosenColor","What is the best color for this letter?

    
            [Field-1] - A - InitialColor",Timing - A - Timing - First Click,Timing - A - Timing - Last Click,Timing - A - Timing - Page Submit,Timing - A - Timing - Click Count,"What is the best color for this letter?

    
            [Field-1] - B - ChosenColor","What is the best color for this letter?

    
            [Field-1] - B - InitialColor",Timing - B - Timing - First Click,Timing - B - Timing - Last Click,Timing - B - Timing - Page Submit,Timing - B - Timing - Click Count,"What is the best color for this letter?

    
            [Field-1] - C - ChosenColor","What is the best color for this letter?

    
            [Field-1] - C - InitialColor",Timing - C - Timing - First Click,Timing - C - Timing - Last Click,Timing - C - Timing - Page Submit,Timing - C - Timing - Click Count,"What is the best color for this letter?

    
            [Field-1] - D - ChosenColor","What is the best color for this letter?

    
            [Field-1] - D - InitialColor",Timing - D - Timing - First Click,Timing - D - Timing - Last Click,Timing - D - Timing - Page Submit,Timing - D - Timing - Click Count,"What is the best color for this letter?

    
            [Field-1] - E - ChosenColor","What is the best color for this letter?

    
            [Field-1] - E - InitialColor",Timing - E - Timing - First Click,Timing - E - Timing - Last Click,Timing - E - Timing - Page Submit,Timing - E - Timing - Click Count,"What is the best color for this letter?

    
            [Field-1] - F - ChosenColor","What is the best color for this letter?

    
            [Field-1] - F - InitialColor",Timing - F - Timing - First Click,Timing - F - Timing - Last Click,Timing - F - Timing - Page Submit,Timing - F - Timing - Click Count,"What is the best color for this letter?

    
            [Field-1] - G - ChosenColor","What is the best color for this letter?

    
            [Field-1] - G - InitialColor",Timing - G - Timing - First Click,Timing - G - Timing - Last Click,Timing - G - Timing - Page Submit,Timing - G - Timing - Click Count,"What is the best color for this letter?

    
            [Field-1] - H - ChosenColor","What is the best color for this letter?

    
            [Field-1] - H - InitialColor",Timing - H - Timing - First Click,Timing - H - Timing - Last Click,Timing - H - Timing - Page Submit,Timing - H - Timing - Click Count,"What is the best color for this letter?

    
            [Field-1] - I - ChosenColor","What is the best color for this letter?

    
            [Field-1] - I - InitialColor",Timing - I - Timing - First Click,Timing - I - Timing - Last Click,Timing - I - Timing - Page Submit,Timing - I - Timing - Click Count,"What is the best color for this letter?

    
            [Field-1] - J - ChosenColor","What is the best color for this letter?

    
            [Field-1] - J - InitialColor",Timing - J - Timing - First Click,Timing - J - Timing - Last Click,Timing - J - Timing - Page Submit,Timing - J - Timing - Click Count,"What is the best color for this letter?

    
            [Field-1] - K - ChosenColor","What is the best color for this letter?

    
            [Field-1] - K - InitialColor",Timing - K - Timing - First Click,Timing - K - Timing - Last Click,Timing - K - Timing - Page Submit,Timing - K - Timing - Click Count,"What is the best color for this letter?

    
            [Field-1] - L - ChosenColor","What is the best color for this letter?

    
            [Field-1] - L - InitialColor",Timing - L - Timing - First Click,Timing - L - Timing - Last Click,Timing - L - Timing - Page Submit,Timing - L - Timing - Click Count,"What is the best color for this letter?

    
            [Field-1] - M - ChosenColor","What is the best color for this letter?

    
            [Field-1] - M - InitialColor",Timing - M - Timing - First Click,Timing - M - Timing - Last Click,Timing - M - Timing - Page Submit,Timing - M - Timing - Click Count,"What is the best color for this letter?

    
            [Field-1] - N - ChosenColor","What is the best color for this letter?

    
            [Field-1] - N - InitialColor",Timing - N - Timing - First Click,Timing - N - Timing - Last Click,Timing - N - Timing - Page Submit,Timing - N - Timing - Click Count,"What is the best color for this letter?

    
            [Field-1] - O - ChosenColor","What is the best color for this letter?

    
            [Field-1] - O - InitialColor",Timing - O - Timing - First Click,Timing - O - Timing - Last Click,Timing - O - Timing - Page Submit,Timing - O - Timing - Click Count,"What is the best color for this letter?

    
            [Field-1] - P - ChosenColor","What is the best color for this letter?

    
            [Field-1] - P - InitialColor",Timing - P - Timing - First Click,Timing - P - Timing - Last Click,Timing - P - Timing - Page Submit,Timing - P - Timing - Click Count,"What is the best color for this letter?

    
            [Field-1] - Q - ChosenColor","What is the best color for this letter?

    
            [Field-1] - Q - InitialColor",Timing - Q - Timing - First Click,Timing - Q - Timing - Last Click,Timing - Q - Timing - Page Submit,Timing - Q - Timing - Click Count,"What is the best color for this letter?

    
            [Field-1] - R - ChosenColor","What is the best color for this letter?

    
            [Field-1] - R - InitialColor",Timing - R - Timing - First Click,Timing - R - Timing - Last Click,Timing - R - Timing - Page Submit,Timing - R - Timing - Click Count,"What is the best color for this letter?

    
            [Field-1] - S - ChosenColor","What is the best color for this letter?

    
            [Field-1] - S - InitialColor",Timing - S - Timing - First Click,Timing - S - Timing - Last Click,Timing - S - Timing - Page Submit,Timing - S - Timing - Click Count,"What is the best color for this letter?

    
            [Field-1] - T - ChosenColor","What is the best color for this letter?

    
            [Field-1] - T - InitialColor",Timing - T - Timing - First Click,Timing - T - Timing - Last Click,Timing - T - Timing - Page Submit,Timing - T - Timing - Click Count,"What is the best color for this letter?

    
            [Field-1] - U - ChosenColor","What is the best color for this letter?

    
            [Field-1] - U - InitialColor",Timing - U - Timing - First Click,Timing - U - Timing - Last Click,Timing - U - Timing - Page Submit,Timing - U - Timing - Click Count,"What is the best color for this letter?

    
            [Field-1] - V - ChosenColor","What is the best color for this letter?

    
            [Field-1] - V - InitialColor",Timing - V - Timing - First Click,Timing - V - Timing - Last Click,Timing - V - Timing - Page Submit,Timing - V - Timing - Click Count,"What is the best color for this letter?

    
            [Field-1] - W - ChosenColor","What is the best color for this letter?

    
            [Field-1] - W - InitialColor",Timing - W - Timing - First Click,Timing - W - Timing - Last Click,Timing - W - Timing - Page Submit,Timing - W - Timing - Click Count,"What is the best color for this letter?

    
            [Field-1] - X - ChosenColor","What is the best color for this letter?

    
            [Field-1] - X - InitialColor",Timing - X - Timing - First Click,Timing - X - Timing - Last Click,Timing - X - Timing - Page Submit,Timing - X - Timing - Click Count,"What is the best color for this letter?

    
            [Field-1] - Y - ChosenColor","What is the best color for this letter?

    
            [Field-1] - Y - InitialColor",Timing - Y - Timing - First Click,Timing - Y - Timing - Last Click,Timing - Y - Timing - Page Submit,Timing - Y - Timing - Click Count,"What is the best color for this letter?

    
            [Field-1] - Z - ChosenColor","What is the best color for this letter?

    
            [Field-1] - Z - InitialColor",Timing - Z - Timing - First Click,Timing - Z - Timing - Last Click,Timing - Z - Timing - Page Submit,Timing - Z - Timing - Click Count,chosenColorTemp,id
"{""ImportId"":""startDate"",""timeZone"":""Europe/Berlin""}","{""ImportId"":""endDate"",""timeZone"":""Europe/Berlin""}","{""ImportId"":""status""}","{""ImportId"":""ipAddress""}","{""ImportId"":""progress""}","{""ImportId"":""duration""}","{""ImportId"":""finished""}","{""ImportId"":""recordedDate"",""timeZone"":""Europe/Berlin""}","{""ImportId"":""_recordId""}","{""ImportId"":""recipientLastName""}","{""ImportId"":""recipientFirstName""}","{""ImportId"":""recipientEmail""}","{""ImportId"":""externalDataReference""}","{""ImportId"":""locationLatitude""}","{""ImportId"":""locationLongitude""}","{""ImportId"":""distributionChannel""}","{""ImportId"":""userLanguage""}","{""ImportId"":""QID23""}","{""ImportId"":""1_QID32""}","{""ImportId"":""1_QID34_TEXT""}","{""ImportId"":""1_QID15_1""}","{""ImportId"":""1_QID15_2""}","{""ImportId"":""1_QID35_FIRST_CLICK""}","{""ImportId"":""1_QID35_LAST_CLICK""}","{""ImportId"":""1_QID35_PAGE_SUBMIT""}","{""ImportId"":""1_QID35_CLICK_COUNT""}","{""ImportId"":""2_QID32""}","{""ImportId"":""2_QID34_TEXT""}","{""ImportId"":""2_QID15_1""}","{""ImportId"":""2_QID15_2""}","{""ImportId"":""2_QID35_FIRST_CLICK""}","{""ImportId"":""2_QID35_LAST_CLICK""}","{""ImportId"":""2_QID35_PAGE_SUBMIT""}","{""ImportId"":""2_QID35_CLICK_COUNT""}","{""ImportId"":""3_QID32""}","{""ImportId"":""3_QID34_TEXT""}","{""ImportId"":""3_QID15_1""}","{""ImportId"":""3_QID15_2""}","{""ImportId"":""3_QID35_FIRST_CLICK""}","{""ImportId"":""3_QID35_LAST_CLICK""}","{""ImportId"":""3_QID35_PAGE_SUBMIT""}","{""ImportId"":""3_QID35_CLICK_COUNT""}","{""ImportId"":""4_QID32""}","{""ImportId"":""4_QID34_TEXT""}","{""ImportId"":""4_QID15_1""}","{""ImportId"":""4_QID15_2""}","{""ImportId"":""4_QID35_FIRST_CLICK""}","{""ImportId"":""4_QID35_LAST_CLICK""}","{""ImportId"":""4_QID35_PAGE_SUBMIT""}","{""ImportId"":""4_QID35_CLICK_COUNT""}","{""ImportId"":""5_QID32""}","{""ImportId"":""5_QID34_TEXT""}","{""ImportId"":""5_QID15_1""}","{""ImportId"":""5_QID15_2""}","{""ImportId"":""5_QID35_FIRST_CLICK""}","{""ImportId"":""5_QID35_LAST_CLICK""}","{""ImportId"":""5_QID35_PAGE_SUBMIT""}","{""ImportId"":""5_QID35_CLICK_COUNT""}","{""ImportId"":""6_QID32""}","{""ImportId"":""6_QID34_TEXT""}","{""ImportId"":""6_QID15_1""}","{""ImportId"":""6_QID15_2""}","{""ImportId"":""6_QID35_FIRST_CLICK""}","{""ImportId"":""6_QID35_LAST_CLICK""}","{""ImportId"":""6_QID35_PAGE_SUBMIT""}","{""ImportId"":""6_QID35_CLICK_COUNT""}","{""ImportId"":""7_QID32""}","{""ImportId"":""7_QID34_TEXT""}","{""ImportId"":""7_QID15_1""}","{""ImportId"":""7_QID15_2""}","{""ImportId"":""7_QID35_FIRST_CLICK""}","{""ImportId"":""7_QID35_LAST_CLICK""}","{""ImportId"":""7_QID35_PAGE_SUBMIT""}","{""ImportId"":""7_QID35_CLICK_COUNT""}","{""ImportId"":""8_QID32""}","{""ImportId"":""8_QID34_TEXT""}","{""ImportId"":""8_QID15_1""}","{""ImportId"":""8_QID15_2""}","{""ImportId"":""8_QID35_FIRST_CLICK""}","{""ImportId"":""8_QID35_LAST_CLICK""}","{""ImportId"":""8_QID35_PAGE_SUBMIT""}","{""ImportId"":""8_QID35_CLICK_COUNT""}","{""ImportId"":""9_QID32""}","{""ImportId"":""9_QID34_TEXT""}","{""ImportId"":""9_QID15_1""}","{""ImportId"":""9_QID15_2""}","{""ImportId"":""9_QID35_FIRST_CLICK""}","{""ImportId"":""9_QID35_LAST_CLICK""}","{""ImportId"":""9_QID35_PAGE_SUBMIT""}","{""ImportId"":""9_QID35_CLICK_COUNT""}","{""ImportId"":""10_QID32""}","{""ImportId"":""10_QID34_TEXT""}","{""ImportId"":""10_QID15_1""}","{""ImportId"":""10_QID15_2""}","{""ImportId"":""10_QID35_FIRST_CLICK""}","{""ImportId"":""10_QID35_LAST_CLICK""}","{""ImportId"":""10_QID35_PAGE_SUBMIT""}","{""ImportId"":""10_QID35_CLICK_COUNT""}","{""ImportId"":""11_QID32""}","{""ImportId"":""11_QID34_TEXT""}","{""ImportId"":""11_QID15_1""}","{""ImportId"":""11_QID15_2""}","{""ImportId"":""11_QID35_FIRST_CLICK""}","{""ImportId"":""11_QID35_LAST_CLICK""}","{""ImportId"":""11_QID35_PAGE_SUBMIT""}","{""ImportId"":""11_QID35_CLICK_COUNT""}","{""ImportId"":""12_QID32""}","{""ImportId"":""12_QID34_TEXT""}","{""ImportId"":""12_QID15_1""}","{""ImportId"":""12_QID15_2""}","{""ImportId"":""12_QID35_FIRST_CLICK""}","{""ImportId"":""12_QID35_LAST_CLICK""}","{""ImportId"":""12_QID35_PAGE_SUBMIT""}","{""ImportId"":""12_QID35_CLICK_COUNT""}","{""ImportId"":""13_QID32""}","{""ImportId"":""13_QID34_TEXT""}","{""ImportId"":""13_QID15_1""}","{""ImportId"":""13_QID15_2""}","{""ImportId"":""13_QID35_FIRST_CLICK""}","{""ImportId"":""13_QID35_LAST_CLICK""}","{""ImportId"":""13_QID35_PAGE_SUBMIT""}","{""ImportId"":""13_QID35_CLICK_COUNT""}","{""ImportId"":""14_QID32""}","{""ImportId"":""14_QID34_TEXT""}","{""ImportId"":""14_QID15_1""}","{""ImportId"":""14_QID15_2""}","{""ImportId"":""14_QID35_FIRST_CLICK""}","{""ImportId"":""14_QID35_LAST_CLICK""}","{""ImportId"":""14_QID35_PAGE_SUBMIT""}","{""ImportId"":""14_QID35_CLICK_COUNT""}","{""ImportId"":""15_QID32""}","{""ImportId"":""15_QID34_TEXT""}","{""ImportId"":""15_QID15_1""}","{""ImportId"":""15_QID15_2""}","{""ImportId"":""15_QID35_FIRST_CLICK""}","{""ImportId"":""15_QID35_LAST_CLICK""}","{""ImportId"":""15_QID35_PAGE_SUBMIT""}","{""ImportId"":""15_QID35_CLICK_COUNT""}","{""ImportId"":""16_QID32""}","{""ImportId"":""16_QID34_TEXT""}","{""ImportId"":""16_QID15_1""}","{""ImportId"":""16_QID15_2""}","{""ImportId"":""16_QID35_FIRST_CLICK""}","{""ImportId"":""16_QID35_LAST_CLICK""}","{""ImportId"":""16_QID35_PAGE_SUBMIT""}","{""ImportId"":""16_QID35_CLICK_COUNT""}","{""ImportId"":""17_QID32""}","{""ImportId"":""17_QID34_TEXT""}","{""ImportId"":""17_QID15_1""}","{""ImportId"":""17_QID15_2""}","{""ImportId"":""17_QID35_FIRST_CLICK""}","{""ImportId"":""17_QID35_LAST_CLICK""}","{""ImportId"":""17_QID35_PAGE_SUBMIT""}","{""ImportId"":""17_QID35_CLICK_COUNT""}","{""ImportId"":""18_QID32""}","{""ImportId"":""18_QID34_TEXT""}","{""ImportId"":""18_QID15_1""}","{""ImportId"":""18_QID15_2""}","{""ImportId"":""18_QID35_FIRST_CLICK""}","{""ImportId"":""18_QID35_LAST_CLICK""}","{""ImportId"":""18_QID35_PAGE_SUBMIT""}","{""ImportId"":""18_QID35_CLICK_COUNT""}","{""ImportId"":""19_QID32""}","{""ImportId"":""19_QID34_TEXT""}","{""ImportId"":""19_QID15_1""}","{""ImportId"":""19_QID15_2""}","{""ImportId"":""19_QID35_FIRST_CLICK""}","{""ImportId"":""19_QID35_LAST_CLICK""}","{""ImportId"":""19_QID35_PAGE_SUBMIT""}","{""ImportId"":""19_QID35_CLICK_COUNT""}","{""ImportId"":""20_QID32""}","{""ImportId"":""20_QID34_TEXT""}","{""ImportId"":""20_QID15_1""}","{""ImportId"":""20_QID15_2""}","{""ImportId"":""20_QID35_FIRST_CLICK""}","{""ImportId"":""20_QID35_LAST_CLICK""}","{""ImportId"":""20_QID35_PAGE_SUBMIT""}","{""ImportId"":""20_QID35_CLICK_COUNT""}","{""ImportId"":""21_QID32""}","{""ImportId"":""21_QID34_TEXT""}","{""ImportId"":""21_QID15_1""}","{""ImportId"":""21_QID15_2""}","{""ImportId"":""21_QID35_FIRST_CLICK""}","{""ImportId"":""21_QID35_LAST_CLICK""}","{""ImportId"":""21_QID35_PAGE_SUBMIT""}","{""ImportId"":""21_QID35_CLICK_COUNT""}","{""ImportId"":""22_QID32""}","{""ImportId"":""22_QID34_TEXT""}","{""ImportId"":""22_QID15_1""}","{""ImportId"":""22_QID15_2""}","{""ImportId"":""22_QID35_FIRST_CLICK""}","{""ImportId"":""22_QID35_LAST_CLICK""}","{""ImportId"":""22_QID35_PAGE_SUBMIT""}","{""ImportId"":""22_QID35_CLICK_COUNT""}","{""ImportId"":""23_QID32""}","{""ImportId"":""23_QID34_TEXT""}","{""ImportId"":""23_QID15_1""}","{""ImportId"":""23_QID15_2""}","{""ImportId"":""23_QID35_FIRST_CLICK""}","{""ImportId"":""23_QID35_LAST_CLICK""}","{""ImportId"":""23_QID35_PAGE_SUBMIT""}","{""ImportId"":""23_QID35_CLICK_COUNT""}","{""ImportId"":""24_QID32""}","{""ImportId"":""24_QID34_TEXT""}","{""ImportId"":""24_QID15_1""}","{""ImportId"":""24_QID15_2""}","{""ImportId"":""24_QID35_FIRST_CLICK""}","{""ImportId"":""24_QID35_LAST_CLICK""}","{""ImportId"":""24_QID35_PAGE_SUBMIT""}","{""ImportId"":""24_QID35_CLICK_COUNT""}","{""ImportId"":""25_QID32""}","{""ImportId"":""25_QID34_TEXT""}","{""ImportId"":""25_QID15_1""}","{""ImportId"":""25_QID15_2""}","{""ImportId"":""25_QID35_FIRST_CLICK""}","{""ImportId"":""25_QID35_LAST_CLICK""}","{""ImportId"":""25_QID35_PAGE_SUBMIT""}","{""ImportId"":""25_QID35_CLICK_COUNT""}","{""ImportId"":""26_QID32""}","{""ImportId"":""26_QID34_TEXT""}","{""ImportId"":""26_QID15_1""}","{""ImportId"":""26_QID15_2""}","{""ImportId"":""26_QID35_FIRST_CLICK""}","{""ImportId"":""26_QID35_LAST_CLICK""}","{""ImportId"":""26_QID35_PAGE_SUBMIT""}","{""ImportId"":""26_QID35_CLICK_COUNT""}","{""ImportId"":""QID28_FIRST_CLICK""}","{""ImportId"":""QID28_LAST_CLICK""}","{""ImportId"":""QID28_PAGE_SUBMIT""}","{""ImportId"":""QID28_CLICK_COUNT""}","{""ImportId"":""1_QID25_1""}","{""ImportId"":""1_QID25_2""}","{""ImportId"":""1_QID36_FIRST_CLICK""}","{""ImportId"":""1_QID36_LAST_CLICK""}","{""ImportId"":""1_QID36_PAGE_SUBMIT""}","{""ImportId"":""1_QID36_CLICK_COUNT""}","{""ImportId"":""2_QID25_1""}","{""ImportId"":""2_QID25_2""}","{""ImportId"":""2_QID36_FIRST_CLICK""}","{""ImportId"":""2_QID36_LAST_CLICK""}","{""ImportId"":""2_QID36_PAGE_SUBMIT""}","{""ImportId"":""2_QID36_CLICK_COUNT""}","{""ImportId"":""3_QID25_1""}","{""ImportId"":""3_QID25_2""}","{""ImportId"":""3_QID36_FIRST_CLICK""}","{""ImportId"":""3_QID36_LAST_CLICK""}","{""ImportId"":""3_QID36_PAGE_SUBMIT""}","{""ImportId"":""3_QID36_CLICK_COUNT""}","{""ImportId"":""4_QID25_1""}","{""ImportId"":""4_QID25_2""}","{""ImportId"":""4_QID36_FIRST_CLICK""}","{""ImportId"":""4_QID36_LAST_CLICK""}","{""ImportId"":""4_QID36_PAGE_SUBMIT""}","{""ImportId"":""4_QID36_CLICK_COUNT""}","{""ImportId"":""5_QID25_1""}","{""ImportId"":""5_QID25_2""}","{""ImportId"":""5_QID36_FIRST_CLICK""}","{""ImportId"":""5_QID36_LAST_CLICK""}","{""ImportId"":""5_QID36_PAGE_SUBMIT""}","{""ImportId"":""5_QID36_CLICK_COUNT""}","{""ImportId"":""6_QID25_1""}","{""ImportId"":""6_QID25_2""}","{""ImportId"":""6_QID36_FIRST_CLICK""}","{""ImportId"":""6_QID36_LAST_CLICK""}","{""ImportId"":""6_QID36_PAGE_SUBMIT""}","{""ImportId"":""6_QID36_CLICK_COUNT""}","{""ImportId"":""7_QID25_1""}","{""ImportId"":""7_QID25_2""}","{""ImportId"":""7_QID36_FIRST_CLICK""}","{""ImportId"":""7_QID36_LAST_CLICK""}","{""ImportId"":""7_QID36_PAGE_SUBMIT""}","{""ImportId"":""7_QID36_CLICK_COUNT""}","{""ImportId"":""8_QID25_1""}","{""ImportId"":""8_QID25_2""}","{""ImportId"":""8_QID36_FIRST_CLICK""}","{""ImportId"":""8_QID36_LAST_CLICK""}","{""ImportId"":""8_QID36_PAGE_SUBMIT""}","{""ImportId"":""8_QID36_CLICK_COUNT""}","{""ImportId"":""9_QID25_1""}","{""ImportId"":""9_QID25_2""}","{""ImportId"":""9_QID36_FIRST_CLICK""}","{""ImportId"":""9_QID36_LAST_CLICK""}","{""ImportId"":""9_QID36_PAGE_SUBMIT""}","{""ImportId"":""9_QID36_CLICK_COUNT""}","{""ImportId"":""10_QID25_1""}","{""ImportId"":""10_QID25_2""}","{""ImportId"":""10_QID36_FIRST_CLICK""}","{""ImportId"":""10_QID36_LAST_CLICK""}","{""ImportId"":""10_QID36_PAGE_SUBMIT""}","{""ImportId"":""10_QID36_CLICK_COUNT""}","{""ImportId"":""11_QID25_1""}","{""ImportId"":""11_QID25_2""}","{""ImportId"":""11_QID36_FIRST_CLICK""}","{""ImportId"":""11_QID36_LAST_CLICK""}","{""ImportId"":""11_QID36_PAGE_SUBMIT""}","{""ImportId"":""11_QID36_CLICK_COUNT""}","{""ImportId"":""12_QID25_1""}","{""ImportId"":""12_QID25_2""}","{""ImportId"":""12_QID36_FIRST_CLICK""}","{""ImportId"":""12_QID36_LAST_CLICK""}","{""ImportId"":""12_QID36_PAGE_SUBMIT""}","{""ImportId"":""12_QID36_CLICK_COUNT""}","{""ImportId"":""13_QID25_1""}","{""ImportId"":""13_QID25_2""}","{""ImportId"":""13_QID36_FIRST_CLICK""}","{""ImportId"":""13_QID36_LAST_CLICK""}","{""ImportId"":""13_QID36_PAGE_SUBMIT""}","{""ImportId"":""13_QID36_CLICK_COUNT""}","{""ImportId"":""14_QID25_1""}","{""ImportId"":""14_QID25_2""}","{""ImportId"":""14_QID36_FIRST_CLICK""}","{""ImportId"":""14_QID36_LAST_CLICK""}","{""ImportId"":""14_QID36_PAGE_SUBMIT""}","{""ImportId"":""14_QID36_CLICK_COUNT""}","{""ImportId"":""15_QID25_1""}","{""ImportId"":""15_QID25_2""}","{""ImportId"":""15_QID36_FIRST_CLICK""}","{""ImportId"":""15_QID36_LAST_CLICK""}","{""ImportId"":""15_QID36_PAGE_SUBMIT""}","{""ImportId"":""15_QID36_CLICK_COUNT""}","{""ImportId"":""16_QID25_1""}","{""ImportId"":""16_QID25_2""}","{""ImportId"":""16_QID36_FIRST_CLICK""}","{""ImportId"":""16_QID36_LAST_CLICK""}","{""ImportId"":""16_QID36_PAGE_SUBMIT""}","{""ImportId"":""16_QID36_CLICK_COUNT""}","{""ImportId"":""17_QID25_1""}","{""ImportId"":""17_QID25_2""}","{""ImportId"":""17_QID36_FIRST_CLICK""}","{""ImportId"":""17_QID36_LAST_CLICK""}","{""ImportId"":""17_QID36_PAGE_SUBMIT""}","{""ImportId"":""17_QID36_CLICK_COUNT""}","{""ImportId"":""18_QID25_1""}","{""ImportId"":""18_QID25_2""}","{""ImportId"":""18_QID36_FIRST_CLICK""}","{""ImportId"":""18_QID36_LAST_CLICK""}","{""ImportId"":""18_QID36_PAGE_SUBMIT""}","{""ImportId"":""18_QID36_CLICK_COUNT""}","{""ImportId"":""19_QID25_1""}","{""ImportId"":""19_QID25_2""}","{""ImportId"":""19_QID36_FIRST_CLICK""}","{""ImportId"":""19_QID36_LAST_CLICK""}","{""ImportId"":""19_QID36_PAGE_SUBMIT""}","{""ImportId"":""19_QID36_CLICK_COUNT""}","{""ImportId"":""20_QID25_1""}","{""ImportId"":""20_QID25_2""}","{""ImportId"":""20_QID36_FIRST_CLICK""}","{""ImportId"":""20_QID36_LAST_CLICK""}","{""ImportId"":""20_QID36_PAGE_SUBMIT""}","{""ImportId"":""20_QID36_CLICK_COUNT""}","{""ImportId"":""21_QID25_1""}","{""ImportId"":""21_QID25_2""}","{""ImportId"":""21_QID36_FIRST_CLICK""}","{""ImportId"":""21_QID36_LAST_CLICK""}","{""ImportId"":""21_QID36_PAGE_SUBMIT""}","{""ImportId"":""21_QID36_CLICK_COUNT""}","{""ImportId"":""22_QID25_1""}","{""ImportId"":""22_QID25_2""}","{""ImportId"":""22_QID36_FIRST_CLICK""}","{""ImportId"":""22_QID36_LAST_CLICK""}","{""ImportId"":""22_QID36_PAGE_SUBMIT""}","{""ImportId"":""22_QID36_CLICK_COUNT""}","{""ImportId"":""23_QID25_1""}","{""ImportId"":""23_QID25_2""}","{""ImportId"":""23_QID36_FIRST_CLICK""}","{""ImportId"":""23_QID36_LAST_CLICK""}","{""ImportId"":""23_QID36_PAGE_SUBMIT""}","{""ImportId"":""23_QID36_CLICK_COUNT""}","{""ImportId"":""24_QID25_1""}","{""ImportId"":""24_QID25_2""}","{""ImportId"":""24_QID36_FIRST_CLICK""}","{""ImportId"":""24_QID36_LAST_CLICK""}","{""ImportId"":""24_QID36_PAGE_SUBMIT""}","{""ImportId"":""24_QID36_CLICK_COUNT""}","{""ImportId"":""25_QID25_1""}","{""ImportId"":""25_QID25_2""}","{""ImportId"":""25_QID36_FIRST_CLICK""}","{""ImportId"":""25_QID36_LAST_CLICK""}","{""ImportId"":""25_QID36_PAGE_SUBMIT""}","{""ImportId"":""25_QID36_CLICK_COUNT""}","{""ImportId"":""26_QID25_1""}","{""ImportId"":""26_QID25_2""}","{""ImportId"":""26_QID36_FIRST_CLICK""}","{""ImportId"":""26_QID36_LAST_CLICK""}","{""ImportId"":""26_QID36_PAGE_SUBMIT""}","{""ImportId"":""26_QID36_CLICK_COUNT""}","{""ImportId"":""QID30_FIRST_CLICK""}","{""ImportId"":""QID30_LAST_CLICK""}","{""ImportId"":""QID30_PAGE_SUBMIT""}","{""ImportId"":""QID30_CLICK_COUNT""}","{""ImportId"":""1_QID26_1""}","{""ImportId"":""1_QID26_2""}","{""ImportId"":""1_QID37_FIRST_CLICK""}","{""ImportId"":""1_QID37_LAST_CLICK""}","{""ImportId"":""1_QID37_PAGE_SUBMIT""}","{""ImportId"":""1_QID37_CLICK_COUNT""}","{""ImportId"":""2_QID26_1""}","{""ImportId"":""2_QID26_2""}","{""ImportId"":""2_QID37_FIRST_CLICK""}","{""ImportId"":""2_QID37_LAST_CLICK""}","{""ImportId"":""2_QID37_PAGE_SUBMIT""}","{""ImportId"":""2_QID37_CLICK_COUNT""}","{""ImportId"":""3_QID26_1""}","{""ImportId"":""3_QID26_2""}","{""ImportId"":""3_QID37_FIRST_CLICK""}","{""ImportId"":""3_QID37_LAST_CLICK""}","{""ImportId"":""3_QID37_PAGE_SUBMIT""}","{""ImportId"":""3_QID37_CLICK_COUNT""}","{""ImportId"":""4_QID26_1""}","{""ImportId"":""4_QID26_2""}","{""ImportId"":""4_QID37_FIRST_CLICK""}","{""ImportId"":""4_QID37_LAST_CLICK""}","{""ImportId"":""4_QID37_PAGE_SUBMIT""}","{""ImportId"":""4_QID37_CLICK_COUNT""}","{""ImportId"":""5_QID26_1""}","{""ImportId"":""5_QID26_2""}","{""ImportId"":""5_QID37_FIRST_CLICK""}","{""ImportId"":""5_QID37_LAST_CLICK""}","{""ImportId"":""5_QID37_PAGE_SUBMIT""}","{""ImportId"":""5_QID37_CLICK_COUNT""}","{""ImportId"":""6_QID26_1""}","{""ImportId"":""6_QID26_2""}","{""ImportId"":""6_QID37_FIRST_CLICK""}","{""ImportId"":""6_QID37_LAST_CLICK""}","{""ImportId"":""6_QID37_PAGE_SUBMIT""}","{""ImportId"":""6_QID37_CLICK_COUNT""}","{""ImportId"":""7_QID26_1""}","{""ImportId"":""7_QID26_2""}","{""ImportId"":""7_QID37_FIRST_CLICK""}","{""ImportId"":""7_QID37_LAST_CLICK""}","{""ImportId"":""7_QID37_PAGE_SUBMIT""}","{""ImportId"":""7_QID37_CLICK_COUNT""}","{""ImportId"":""8_QID26_1""}","{""ImportId"":""8_QID26_2""}","{""ImportId"":""8_QID37_FIRST_CLICK""}","{""ImportId"":""8_QID37_LAST_CLICK""}","{""ImportId"":""8_QID37_PAGE_SUBMIT""}","{""ImportId"":""8_QID37_CLICK_COUNT""}","{""ImportId"":""9_QID26_1""}","{""ImportId"":""9_QID26_2""}","{""ImportId"":""9_QID37_FIRST_CLICK""}","{""ImportId"":""9_QID37_LAST_CLICK""}","{""ImportId"":""9_QID37_PAGE_SUBMIT""}","{""ImportId"":""9_QID37_CLICK_COUNT""}","{""ImportId"":""10_QID26_1""}","{""ImportId"":""10_QID26_2""}","{""ImportId"":""10_QID37_FIRST_CLICK""}","{""ImportId"":""10_QID37_LAST_CLICK""}","{""ImportId"":""10_QID37_PAGE_SUBMIT""}","{""ImportId"":""10_QID37_CLICK_COUNT""}","{""ImportId"":""11_QID26_1""}","{""ImportId"":""11_QID26_2""}","{""ImportId"":""11_QID37_FIRST_CLICK""}","{""ImportId"":""11_QID37_LAST_CLICK""}","{""ImportId"":""11_QID37_PAGE_SUBMIT""}","{""ImportId"":""11_QID37_CLICK_COUNT""}","{""ImportId"":""12_QID26_1""}","{""ImportId"":""12_QID26_2""}","{""ImportId"":""12_QID37_FIRST_CLICK""}","{""ImportId"":""12_QID37_LAST_CLICK""}","{""ImportId"":""12_QID37_PAGE_SUBMIT""}","{""ImportId"":""12_QID37_CLICK_COUNT""}","{""ImportId"":""13_QID26_1""}","{""ImportId"":""13_QID26_2""}","{""ImportId"":""13_QID37_FIRST_CLICK""}","{""ImportId"":""13_QID37_LAST_CLICK""}","{""ImportId"":""13_QID37_PAGE_SUBMIT""}","{""ImportId"":""13_QID37_CLICK_COUNT""}","{""ImportId"":""14_QID26_1""}","{""ImportId"":""14_QID26_2""}","{""ImportId"":""14_QID37_FIRST_CLICK""}","{""ImportId"":""14_QID37_LAST_CLICK""}","{""ImportId"":""14_QID37_PAGE_SUBMIT""}","{""ImportId"":""14_QID37_CLICK_COUNT""}","{""ImportId"":""15_QID26_1""}","{""ImportId"":""15_QID26_2""}","{""ImportId"":""15_QID37_FIRST_CLICK""}","{""ImportId"":""15_QID37_LAST_CLICK""}","{""ImportId"":""15_QID37_PAGE_SUBMIT""}","{""ImportId"":""15_QID37_CLICK_COUNT""}","{""ImportId"":""16_QID26_1""}","{""ImportId"":""16_QID26_2""}","{""ImportId"":""16_QID37_FIRST_CLICK""}","{""ImportId"":""16_QID37_LAST_CLICK""}","{""ImportId"":""16_QID37_PAGE_SUBMIT""}","{""ImportId"":""16_QID37_CLICK_COUNT""}","{""ImportId"":""17_QID26_1""}","{""ImportId"":""17_QID26_2""}","{""ImportId"":""17_QID37_FIRST_CLICK""}","{""ImportId"":""17_QID37_LAST_CLICK""}","{""ImportId"":""17_QID37_PAGE_SUBMIT""}","{""ImportId"":""17_QID37_CLICK_COUNT""}","{""ImportId"":""18_QID26_1""}","{""ImportId"":""18_QID26_2""}","{""ImportId"":""18_QID37_FIRST_CLICK""}","{""ImportId"":""18_QID37_LAST_CLICK""}","{""ImportId"":""18_QID37_PAGE_SUBMIT""}","{""ImportId"":""18_QID37_CLICK_COUNT""}","{""ImportId"":""19_QID26_1""}","{""ImportId"":""19_QID26_2""}","{""ImportId"":""19_QID37_FIRST_CLICK""}","{""ImportId"":""19_QID37_LAST_CLICK""}","{""ImportId"":""19_QID37_PAGE_SUBMIT""}","{""ImportId"":""19_QID37_CLICK_COUNT""}","{""ImportId"":""20_QID26_1""}","{""ImportId"":""20_QID26_2""}","{""ImportId"":""20_QID37_FIRST_CLICK""}","{""ImportId"":""20_QID37_LAST_CLICK""}","{""ImportId"":""20_QID37_PAGE_SUBMIT""}","{""ImportId"":""20_QID37_CLICK_COUNT""}","{""ImportId"":""21_QID26_1""}","{""ImportId"":""21_QID26_2""}","{""ImportId"":""21_QID37_FIRST_CLICK""}","{""ImportId"":""21_QID37_LAST_CLICK""}","{""ImportId"":""21_QID37_PAGE_SUBMIT""}","{""ImportId"":""21_QID37_CLICK_COUNT""}","{""ImportId"":""22_QID26_1""}","{""ImportId"":""22_QID26_2""}","{""ImportId"":""22_QID37_FIRST_CLICK""}","{""ImportId"":""22_QID37_LAST_CLICK""}","{""ImportId"":""22_QID37_PAGE_SUBMIT""}","{""ImportId"":""22_QID37_CLICK_COUNT""}","{""ImportId"":""23_QID26_1""}","{""ImportId"":""23_QID26_2""}","{""ImportId"":""23_QID37_FIRST_CLICK""}","{""ImportId"":""23_QID37_LAST_CLICK""}","{""ImportId"":""23_QID37_PAGE_SUBMIT""}","{""ImportId"":""23_QID37_CLICK_COUNT""}","{""ImportId"":""24_QID26_1""}","{""ImportId"":""24_QID26_2""}","{""ImportId"":""24_QID37_FIRST_CLICK""}","{""ImportId"":""24_QID37_LAST_CLICK""}","{""ImportId"":""24_QID37_PAGE_SUBMIT""}","{""ImportId"":""24_QID37_CLICK_COUNT""}","{""ImportId"":""25_QID26_1""}","{""ImportId"":""25_QID26_2""}","{""ImportId"":""25_QID37_FIRST_CLICK""}","{""ImportId"":""25_QID37_LAST_CLICK""}","{""ImportId"":""25_QID37_PAGE_SUBMIT""}","{""ImportId"":""25_QID37_CLICK_COUNT""}","{""ImportId"":""26_QID26_1""}","{""ImportId"":""26_QID26_2""}","{""ImportId"":""26_QID37_FIRST_CLICK""}","{""ImportId"":""26_QID37_LAST_CLICK""}","{""ImportId"":""26_QID37_PAGE_SUBMIT""}","{""ImportId"":""26_QID37_CLICK_COUNT""}","{""ImportId"":""chosenColorTemp""}","{""ImportId"":""id""}"
2025-09-14 16:40:49,2025-09-14 16:46:18,IP Address,80.56.204.37,100,328,True,2025-09-14 16:46:18,R_8MQF7CEhJU7xvJO,,,,,52.3441,4.8782,anonymous,EN,I consent to participate.,I experience a color when I see the letter ${lm://Field/1} (in addition to the color in which it is printed),,"#fc2421","#84d4c7",0,0,2.452,0,I experience a color when I see the letter ${lm://Field/1} (in addition to the color in which it is printed),,"#0040e8","#a57b97",0,0,2.566,0,I do not experience a color when I see the letter ${lm://Field/1} (I see only the color in which it is printed),,"#ead800","#aee1ed",0,0,2.778,0,I experience a color when I see the letter ${lm://Field/1} (in addition to the color in which it is printed),,"#93653a","#9da943",0,0,2.672,0,I experience more than one color when I see the letter ${lm://Field/1} (in addition to the color in which it is printed),asdf,"#03ff29","#eb9b86",0,0,2.601,0,I experience a color when I see the letter ${lm://Field/1} (in addition to the color in which it is printed),,"#f5007f","#9cf500",0,0,3.387,0,I experience a color when I see the letter ${lm://Field/1} (in addition to the color in which it is printed),,"#2de90c","#588151",0,0,2.551,0,I do not experience a color when I see the letter ${lm://Field/1} (I see only the color in which it is printed),,"#8e3c60","#7f1443",0,0,2.556,0,I experience a color when I see the letter ${lm://Field/1} (in addition to the color in which it is printed),,"#ffffff","#89c51b",0,0,2.481,0,I experience a color when I see the letter ${lm://Field/1} (in addition to the color in which it is printed),,"#db04d4","#511836",0,0,2.478,0,I do not experience a color when I see the letter ${lm://Field/1} (I see only the color in which it is printed),,"#000000","#8f997d",0,0,2.757,0,I do not experience a color when I see the letter ${lm://Field/1} (I see only the color in which it is printed),,"#d6617d","#d6617d",0,0,2.601,0,I experience a color when I see the letter ${lm://Field/1} (in addition to the color in which it is printed),,"#eb2eff","#7490e1",0,0,2.681,0,I experience a color when I see the letter ${lm://Field/1} (in addition to the color in which it is printed),,"#f3b00a","#a7b753",0,0,3.9,0,I experience a color when I see the letter ${lm://Field/1} (in addition to the color in which it is printed),,"#ffffff","#5f7d26",0,0,2.561,0,I experience a color when I see the letter ${lm://Field/1} (in addition to the color in which it is printed),,"#be00f7","#127d23",0,0,2.68,0,I experience more than one color when I see the letter ${lm://Field/1} (in addition to the color in which it is printed),Some multicolored description of Q,"#6902fd","#02fd2d",0,0,2.686,0,I experience a color when I see the letter ${lm://Field/1} (in addition to the color in which it is printed),,"#dc1800","#0d8c49",0,0,2.549,0,I do not experience a color when I see the letter ${lm://Field/1} (I see only the color in which it is printed),,"#e3dfe9","#e3dfe9",0,0,2.479,0,I do not experience a color when I see the letter ${lm://Field/1} (I see only the color in which it is printed),,"#6136f6","#6136f6",0,0,2.629,0,I experience a color when I see the letter ${lm://Field/1} (in addition to the color in which it is printed),,"#c93e5e","#fc6588",0,0,2.523,0,I do not experience a color when I see the letter ${lm://Field/1} (I see only the color in which it is printed),,"#e91dff","#09aff7",0,0,2.876,0,I experience a color when I see the letter ${lm://Field/1} (in addition to the color in which it is printed),,"#ffffff","#b8d9fe",0,0,2.935,0,I experience a color when I see the letter ${lm://Field/1} (in addition to the color in which it is printed),,"#000000","#352f9a",0,0,2.483,0,I experience a color when I see the letter ${lm://Field/1} (in addition to the color in which it is printed),,"#fbed00","#9d5810",0,0,2.577,0,I experience a color when I see the letter ${lm://Field/1} (in addition to the color in which it is printed),,"#000000","#0830b5",0,0,2.499,0,0,0,12.491,0,"#fb2e00","#930933",0,0,2.367,0,"#000ccb","#c0b377",0,0,2.976,0,"#e1d900","#abcfdf",0,0,2.364,0,"#a05b26","#b49781",0,0,2.224,0,"#00f34e","#6516b3",0,0,2.21,0,"#f10010","#93e40b",0,0,2.723,0,"#07ff26","#b21d3f",0,0,2.08,0,"#e9c323","#237fe9",0,0,2.848,0,"#ffffff","#21b8b6",1.856,1.856,2.108,1,"#f100e4","#67ff25",0,0,2.874,0,"#000000","#98586b",0,0,1.767,0,"#fef500","#55a087",0,0,2.369,0,"#fc0bfc","#42aa6a",0,0,4.074,0,"#cb9400","#97fcd1",0,0,2.578,0,"#000000","#64eb2e",0,0,2.774,0,"#ff16f2","#ffb8fb",0,0,1.901,0,"#14c778","#14c778",0,0,1.908,0,"#ff351e","#ae3bfa",0,0,2.518,0,"#98058a","#98058a",0,0,2.009,0,"#686d41","#686d41",0,0,1.121,0,"#9099e5","#90e5dd",0,0,3.2,0,"#9a07be","#6113fa",0,0,2.771,0,"#ffffff","#8e538e",0,0,1.744,0,"#000000","#2bfe63",0,0,1.467,0,"#f6f212","#dd669b",0,0,3.943,0,"#000000","#f39a6c",0,0,1.508,0,0,0,17.757,0,"#ff120d","#f6e8b3",0,0,2.268,0,"#1216ab","#12ab64",0,0,1.862,0,"#edef00","#64210b",0,0,2.359,0,"#ab7a2d","#99e237",0,0,2.882,0,"#00e80a","#e4b9bc",0,0,2.087,0,"#f0240e","#f00e58",0,0,3.024,0,"#0eff29","#44fe59",0,0,2.22,0,"#52265d","#52265d",0,0,1.319,0,"#ffffff","#2cf378",1.735,1.735,2.108,1,"#b400cf","#8fed71",0,0,2.649,0,"#000000","#bece78",0,0,1.63,0,"#fbe500","#906185",2.928,2.928,3.148,1,"#f4d2d8","#40655e",0,0,7.406,0,"#ee7f00","#8cf2bd",0,0,2.85,0,"#000000","#d25ebf",0,0,1.595,0,"#9f1771","#35c8cf",0,0,2.334,0,"#b801d8","#c2fca5",1.251,1.251,2.883,1,"#ff4223","#c6c75a",0,0,2.275,0,"#67f19c","#3091c3",0,0,3.766,0,"#03dee2","#407778",0,0,3.22,0,"#0b00fd","#156207",0,0,2.357,0,"#bf07c1","#88f1c7",0,0,2.783,0,"#ffffff","#b6c0e5",0,0,3.429,0,"#000000","#83a1e7",0,0,1.398,0,"#e3e3a0","#123058",0,0,2.843,0,"#000000","#953d88",0,0,1.644,0,,
